{
  "uIorR": 1.479259,
  "uIorG": 1.511859,
  "uIorB": 1.823573,
  "uAb": 0.165471,
  "uDich": 1.060183,
  "uFresnel": 2.636764,
  "uSpecIntensity": 3.42231,
  "toneMappingExposure": 1.065134,
  "PRAYER_WASH_MAX": 0.860326,
  "PRAYER_RIM_MAX": 9.914223,
  "PRAYER_SLASH_MAX": 28.363409,
  "PRAYER_GLOW_MAX": 1.796923,
  "backLightIntensity": 80.882049,
  "cubeBackIntensity": 10.446676,
  "violetRimIntensity": 10.347396,
  "rimIntensity": 9.372359,
  "cubeSunIntensity": 83.135549,
  "podiumFrontWashIntensity": 9.920259,
  "fogLayerOpacity": 0.18295,
  "warmFogOpacity": 0.134232,
  "godRayOpacity": 0.149987,
  "shaftOpacity": 0.046781,
  "OP_ACTIVE": 2.312799,
  "OP_STEP": 0.210201,
  "beamGaussianSharp": 6.566083,
  "beamGaussianSoft": 1.428071,
  "causticShimmerFreq": 72.641474,
  "podiumRoughness": 0.219032,
  "podiumMetalness": 0.139062,
  "podiumClearcoat": 0.671148,
  "podiumClearcoatRoughness": 0.072716,
  "transmissionScale": 4.283041,
  "edgeCatchGain": 2.679878
}