{
  "uIorR": 1.4714486387494699,
  "uIorG": 1.56,
  "uIorB": 1.6981448943711386,
  "uAb": 0.09,
  "uDich": 0.7,
  "uFresnel": 4.0,
  "uSpecIntensity": 2.8,
  "toneMappingExposure": 0.95,
  "PRAYER_WASH_MAX": 0.0,
  "PRAYER_RIM_MAX": 4.18035220703845,
  "PRAYER_SLASH_MAX": 26.269605687353017,
  "PRAYER_GLOW_MAX": 0.3794628165713746,
  "backLightIntensity": 50.0,
  "cubeBackIntensity": 5.126743583056591,
  "violetRimIntensity": 6.0,
  "rimIntensity": 5.0,
  "cubeSunIntensity": 50.0,
  "podiumFrontWashIntensity": 12.0,
  "fogLayerOpacity": 0.27,
  "warmFogOpacity": 0.09,
  "godRayOpacity": 0.17166420196553922,
  "shaftOpacity": 0.07,
  "OP_ACTIVE": 1.2,
  "OP_STEP": 0.22,
  "beamGaussianSharp": 5.6,
  "beamGaussianSoft": 2.2,
  "causticShimmerFreq": 50.01399038634266,
  "podiumRoughness": 0.3818302611439512,
  "podiumMetalness": 0.0677522311484617,
  "podiumClearcoat": 0.5,
  "podiumClearcoatRoughness": 0.12,
  "transmissionScale": 2.8,
  "edgeCatchGain": 1.8
}