{
  "uIorR": 1.5,
  "uIorG": 1.56,
  "uIorB": 1.683969136947501,
  "uAb": 0.09,
  "uDich": 0.7,
  "uFresnel": 4.0,
  "uSpecIntensity": 2.137291876089716,
  "toneMappingExposure": 0.95,
  "PRAYER_WASH_MAX": 0.0,
  "PRAYER_RIM_MAX": 5.0,
  "PRAYER_SLASH_MAX": 25.0,
  "PRAYER_GLOW_MAX": 0.8,
  "backLightIntensity": 50.0,
  "cubeBackIntensity": 9.028185199936118,
  "violetRimIntensity": 6.0,
  "rimIntensity": 7.208643892959104,
  "cubeSunIntensity": 57.71417532951314,
  "podiumFrontWashIntensity": 12.0,
  "fogLayerOpacity": 0.27,
  "warmFogOpacity": 0.028378397715861037,
  "godRayOpacity": 0.14,
  "shaftOpacity": 0.07,
  "OP_ACTIVE": 1.2,
  "OP_STEP": 0.22,
  "beamGaussianSharp": 5.6,
  "beamGaussianSoft": 2.2,
  "causticShimmerFreq": 40.0,
  "podiumRoughness": 0.2839342244466529,
  "podiumMetalness": 0.014685979765473485,
  "podiumClearcoat": 0.5,
  "podiumClearcoatRoughness": 0.14523679071125073,
  "transmissionScale": 2.8,
  "edgeCatchGain": 1.8237171077326209
}