{
  "uIorR": 1.5,
  "uIorG": 1.56,
  "uIorB": 1.63,
  "uAb": 0.09,
  "uDich": 0.7,
  "uFresnel": 4.0,
  "uSpecIntensity": 2.8,
  "toneMappingExposure": 0.95,
  "PRAYER_WASH_MAX": 0.0,
  "PRAYER_RIM_MAX": 5.0,
  "PRAYER_SLASH_MAX": 24.398755149867533,
  "PRAYER_GLOW_MAX": 0.8,
  "backLightIntensity": 63.40232552604669,
  "cubeBackIntensity": 7.0,
  "violetRimIntensity": 4.1325237020738514,
  "rimIntensity": 5.0,
  "cubeSunIntensity": 60.45565742805081,
  "podiumFrontWashIntensity": 12.0,
  "fogLayerOpacity": 0.27,
  "warmFogOpacity": 0.09,
  "godRayOpacity": 0.21095593261566897,
  "shaftOpacity": 0.07,
  "OP_ACTIVE": 1.2,
  "OP_STEP": 0.22,
  "beamGaussianSharp": 5.239722955384174,
  "beamGaussianSoft": 2.2,
  "causticShimmerFreq": 41.03669510000925,
  "podiumRoughness": 0.35,
  "podiumMetalness": 0.06,
  "podiumClearcoat": 0.5,
  "podiumClearcoatRoughness": 0.07668408404223098,
  "transmissionScale": 2.4732886233377607,
  "edgeCatchGain": 1.6293161805124787
}