{
  "camera_position": [
    0.20000000298023224,
    9.699999809265137,
    15.0
  ],
  "camera_look_target": [
    0.0,
    -0.800000011920929,
    1.0
  ],
  "cube_center": [
    0.0,
    0.6000000238418579,
    1.0
  ],
  "cube_yaw_degrees": 45.00000125223908,
  "bands_nm": [
    430.0,
    470.0,
    510.0,
    550.0,
    590.0,
    630.0,
    670.0
  ],
  "ior_values_final": [
    1.527314981070849,
    1.523613128112268,
    1.5207476355247982,
    1.5184842975206612,
    1.516665498419994,
    1.5151820105820104,
    1.513956204054355
  ],
  "checks": {
    "camera_position_lock": true,
    "camera_look_target_lock": true,
    "cube_position_lock": true,
    "cube_yaw_lock": true
  },
  "pass": true
}